,Items,Support,Confidence
0,"{'ABAS', 'DVR'}",0.0014005602240896359,0.6363636363636364
1,"{'ROUTER', 'AC6'}",0.0028011204481792717,0.6086956521739131
2,"{'AC6', 'wireless g router wr340g upnp/1.0 urn:schemas-upnp-org:service:wanipconnection:1 uuid:upnp-wanconnectiondevice-192168015678900001::urn:schemas-upnp-org:service:wanipconnection:1'}",0.004601840736294518,1.0
3,"{'ROUTER', 'ADB'}",0.003401360544217687,0.9444444444444444
4,"{'ROUTER', 'AIRLY'}",0.00820328131252501,1.0
5,"{'ALCATEL', 'GATEWAY'}",0.0010004001600640256,0.7142857142857143
6,"{'linux upnp/1.0 dir-803 ver 1.04 urn:schemas-upnp-org:service:wanipconnection:1 uuid:4a57763e-25fc14-ebcd643c6a937::urn:schemas-upnp-org:service:wanipconnection:1', 'APIO'}",0.0010004001600640256,1.0
7,"{'ARDUINO', 'SWITCH'}",0.007202881152460984,0.972972972972973
8,"{'DSL-N55U', 'ASUS'}",0.006602641056422569,1.0
9,"{'GATEWAY', 'AVM'}",0.006802721088435374,1.0
10,"{'AVTECH', 'ROUTER'}",0.001600640256102441,0.5
11,"{'AVTECH', 'wireless g router wr340g upnp/1.0 urn:schemas-upnp-org:service:wanipconnection:1 uuid:upnp-wanconnectiondevice-192168015678900001::urn:schemas-upnp-org:service:wanipconnection:1'}",0.0022008803521408565,0.6875
12,"{'PRINTER', 'BERG'}",0.00980392156862745,1.0
13,"{'CAM', 'BLACKBERRY'}",0.00860344137655062,0.9555555555555556
14,"{'BLESH', 'ROUTER'}",0.009603841536614645,1.0
15,"{'wireless g router wr340g upnp/1.0 urn:schemas-upnp-org:service:wanipconnection:1 uuid:upnp-wanconnectiondevice-192168015678900001::urn:schemas-upnp-org:service:wanipconnection:1', 'BOCOM'}",0.003401360544217687,1.0
16,"{'posix upnp/1.0 upnp ack/6.30.102.7 urn:schemas-wifialliance-org:service:wfawlanconfig:1 uuid:9edc1ac0c4-b3dc5::urn:schemas-wifialliance-org:service:wfawlanconfig:1', 'C5'}",0.007202881152460984,1.0
17,"{'CAM', 'ENTES'}",0.0014005602240896359,0.7777777777777778
18,"{'CAM', 'HAMPOO'}",0.001600640256102441,1.0
19,"{'CAM', 'HMICRO'}",0.005802320928371348,1.0
20,"{'CAM', 'KEB'}",0.01600640256102441,0.54421768707483
21,"{'CAM', 'MICROSOFT'}",0.013805522208883553,0.7752808988764045
22,"{'CAM', 'MPEG4'}",0.0014005602240896359,1.0
23,"{'CAM', 'SONY'}",0.009403761504601841,0.7121212121212122
24,"{'CAM', 'linux/2.6.34.10_sd5115v100_wr4.3 upnp/1.0 portable sdk for upnp devices/1.6.18 urn:schemas-upnp-org:service:wanipconnection:1 uuid:00e0fc-2502-c81fbe7cbde1::urn:schemas-upnp-org:service:wanipconnection:1'}",0.0012004801920768306,0.7499999999999999
25,"{'CAM', 'linux/2.6.34.10_sd5115v100_wr4.3 upnp/1.0 portable sdk for upnp devices/1.6.18 urn:schemas-upnp-org:service:wanipconnection:1 uuid:00e0fc-2502-f86eeebb5df4::urn:schemas-upnp-org:service:wanipconnection:1'}",0.0024009603841536613,0.631578947368421
26,"{'ROUTER', 'CONEXANT'}",0.001600640256102441,1.0
27,"{'wireless g router wr340g upnp/1.0 urn:schemas-upnp-org:service:wanipconnection:1 uuid:upnp-wanconnectiondevice-192168015678900001::urn:schemas-upnp-org:service:wanipconnection:1', 'CONEXANT'}",0.001600640256102441,1.0
28,"{'GATEWAY', 'CONST'}",0.0014005602240896359,0.6363636363636364
29,"{'ROUTER', 'DGT'}",0.0022008803521408565,0.55
30,"{'DGT', 'wireless g router wr340g upnp/1.0 urn:schemas-upnp-org:service:wanipconnection:1 uuid:upnp-wanconnectiondevice-192168015678900001::urn:schemas-upnp-org:service:wanipconnection:1'}",0.003401360544217687,0.85
31,"{'DIR-803', 'linux upnp/1.0 dir-803 ver 1.04 urn:schemas-upnp-org:service:wanipconnection:1 uuid:4a57763e-25fc14-ebcd643c6a937::urn:schemas-upnp-org:service:wanipconnection:1'}",0.0038015206082432974,1.0
32,"{'DLINK', 'ROUTER'}",0.0020008003201280513,1.0
33,"{'DVR', 'G7'}",0.0014005602240896359,0.5
34,"{'E588', 'e588 upnp/1.0 miniupnpd/1.6 uuid:bc7574ec-bcec-aebe-bc7574ecaeb1'}",0.0010004001600640256,1.0
35,"{'ROUTER', 'FAIL2BAN'}",0.0014005602240896359,0.7777777777777778
36,"{'FAIL2BAN', 'ssh 2.0 openssh_7.2p2 ubuntu-4ubuntu2.6'}",0.0010004001600640256,0.5555555555555556
37,"{'TECHNICOLOR', 'GATEWAY'}",0.006802721088435374,0.9714285714285713
38,"{'TG712', 'GATEWAY'}",0.006202480992396959,1.0
39,"{'linux/2.6.34.10_sd5115v100_wr4.3 upnp/1.0 portable sdk for upnp devices/1.6.18 urn:schemas-upnp-org:service:wanipconnection:1 uuid:00e0fc-e5813ae4::urn:schemas-upnp-org:service:wanipconnection:1', 'GATEWAY'}",0.0014005602240896359,0.5833333333333334
40,"{'tp-link wireless router wr720n upnp/1.0 urn:schemas-upnp-org:service:wanipconnection:1 uuid:upnp-wanconnectiondevice-192168015678900001::urn:schemas-upnp-org:service:wanipconnection:1', 'INFOCUS'}",0.001600640256102441,0.5333333333333333
41,"{'ROUTER', 'INFOR'}",0.014005602240896359,0.7142857142857143
42,"{'ROUTER', 'INTEGRA'}",0.001800720288115246,0.8181818181818181
43,"{'IVEN', 'ROUTER'}",0.00820328131252501,0.5394736842105263
44,"{'LINKSYS', 'ROUTER'}",0.021408563425370147,0.5879120879120878
45,"{'LINKSYS', 'WRT610N'}",0.0022008803521408565,1.0
46,"{'MIKROTIK', 'ROUTER'}",0.0038015206082432974,1.0
47,"{'MP3', 'posix upnp/1.0 broadcom upnp ack/eimation 1.00 urn:schemas-wifialliance-org:service:wfawlanconfig:1 uuid:ad1e-d57f-b41330ec47e9::urn:schemas-wifialliance-org:service:wfawlanconfig:1'}",0.008003201280512205,0.6779661016949153
48,"{'posix upnp/1.0 broadcom upnp ack/eimation 1.00 urn:schemas-wifialliance-org:service:wfawlanconfig:1 uuid:ad1e-d57f-b41330ec47e9::urn:schemas-wifialliance-org:service:wfawlanconfig:1', 'MPEG2'}",0.008403361344537815,1.0
49,"{'MPEG4', 'posix upnp/1.0 broadcom upnp ack/eimation 1.00 urn:schemas-wifialliance-org:service:wfawlanconfig:1 uuid:ad1e-d57f-b41330ec47e9::urn:schemas-wifialliance-org:service:wfawlanconfig:1'}",0.0014005602240896359,1.0
50,"{'N450', 'ROUTER'}",0.0028011204481792717,0.6086956521739131
51,"{'N450', 'wireless g router wr340g upnp/1.0 urn:schemas-upnp-org:service:wanipconnection:1 uuid:upnp-wanconnectiondevice-192168015678900001::urn:schemas-upnp-org:service:wanipconnection:1'}",0.004601840736294518,1.0
52,"{'ROUTER', 'NETGEAR'}",0.0014005602240896359,0.6363636363636364
53,"{'ORANGE', 'ipos/7.0 upnp/1.0 tl-wr841n/6..0 urn:schemas-wifialliance-org:service:wfawlanconfig:1 uuid:565aacc0e-aa8f-f349e6f59311::urn:schemas-wifialliance-org:service:wfawlanconfig:1'}",0.0022008803521408565,0.5789473684210527
54,"{'SPRINT', 'PRINTER'}",0.0012004801920768306,0.5454545454545454
55,"{'ROUTER', 'PTC'}",0.0012004801920768306,1.0
56,"{'ROUTER', 'RAPID7'}",0.026810724289715888,0.9241379310344828
57,"{'ROUTER', 'RT-N12'}",0.0028011204481792717,0.6086956521739131
58,"{'ROUTER', 'SAGEMCOM'}",0.0028011204481792717,0.823529411764706
59,"{'ROUTER', 'SAP'}",0.017006802721088437,0.5182926829268293
60,"{'SERCOMM', 'ROUTER'}",0.001600640256102441,0.7272727272727273
61,"{'ROUTER', 'TEGO'}",0.004001600640256103,0.6451612903225806
62,"{'ROUTER', 'TL-WR740N'}",0.005002000800320128,0.7575757575757576
63,"{'TP-LINK', 'ROUTER'}",0.006202480992396959,0.6326530612244898
64,"{'ROUTER', 'TREND'}",0.0026010404161664665,0.8666666666666666
65,"{'ROUTER', 'V1.0'}",0.0012004801920768306,0.5454545454545454
66,"{'ROUTER', 'VERIZON'}",0.003001200480192077,1.0
67,"{'ROUTER', 'WNR1000'}",0.0028011204481792717,0.6086956521739131
68,"{'ROUTER', 'WPA2'}",0.0028011204481792717,0.5384615384615384
69,"{'ROUTER', 'WR340G'}",0.0028011204481792717,1.0
70,"{'ROUTER', 'WRT54G'}",0.0020008003201280513,0.9090909090909091
71,"{'WRT54GL', 'ROUTER'}",0.004801920768307323,0.7058823529411764
72,"{'ROUTER', 'WRT610N'}",0.0022008803521408565,1.0
73,"{'ROUTER', 'X86'}",0.0020008003201280513,0.7692307692307693
74,"{'ROUTER', 'ZTE'}",0.010004001600640256,0.9803921568627452
75,"{'ZYXEL', 'ROUTER'}",0.011404561824729893,0.5757575757575758
76,"{'ROUTER', 'cuom/1.0 upnp/1.0 proc/ver urn:schemas-upnp-org:service:wanpppconnection:1 uuid:000ef4c0-bbaa-aabb-c0fe000ec0aa0003::urn:schemas-upnp-org:service:wanpppconnection:1'}",0.008803521408563426,0.6027397260273973
77,"{'ROUTER', 'cuom/1.0 upnp/1.0 proc/ver urn:schemas-upnp-org:service:wanpppconnection:1 uuid:000ef4d-6a29-d4fe000ed46a0003::urn:schemas-upnp-org:service:wanpppconnection:1'}",0.008003201280512205,0.5714285714285714
78,"{'ROUTER', 'cuom/1.0 upnp/1.0 proc/ver urn:schemas-upnp-org:service:wanpppconnection:1 uuid:543e64cb-61aa-aa61-cbe543ecbaa0002::urn:schemas-upnp-org:service:wanpppconnection:1'}",0.008803521408563426,0.5866666666666667
79,"{'ROUTER', 'cuom/1.0 upnp/1.0 proc/ver urn:schemas-upnp-org:service:wanpppconnection:1 uuid:681590ca-139d-9d13-caca9d0002::urn:schemas-upnp-org:service:wanpppconnection:1'}",0.010004001600640256,0.6666666666666667
80,"{'ROUTER', 'cuom/1.0 upnp/1.0 proc/ver urn:schemas-upnp-org:service:wanpppconnection:1 uuid:70b921fe1e-1e1e-f821-b970b9f81e0002::urn:schemas-upnp-org:service:wanpppconnection:1'}",0.007603041216486595,0.5507246376811594
81,"{'cuom/1.0 upnp/1.0 proc/ver urn:schemas-upnp-org:service:wanpppconnection:1 uuid:c83a-c83a78580003::urn:schemas-upnp-org:service:wanpppconnection:1', 'ROUTER'}",0.008003201280512205,0.5714285714285714
82,"{'ROUTER', 'ipos/7.0 upnp/1.0 tl-wr740n/4.0 urn:schemas-wifialliance-org:service:wfawlanconfig:1 uuid:565aacc0e-aa8f-f349e6f59311::urn:schemas-wifialliance-org:service:wfawlanconfig:1'}",0.01020408163265306,0.5930232558139534
83,"{'ROUTER', 'ssh 2.0 dropbear_0.46'}",0.0012004801920768306,0.6666666666666666
84,"{'ROUTER', 'ssh 2.0 openssh_7.2p2 ubuntu-4ubuntu2.6'}",0.001800720288115246,0.5625
85,"{'ROUTER', 'tp-link/tp-link upnp/1.1 miniupnpd/1.8 uuid:e4c797ece-4f84-b56d-085d9d77c8cd'}",0.00820328131252501,0.706896551724138
86,"{'ROUTER', 'upnp/1.0 upnp/1.0 upnp-device-ho/1.0 urn:schemas-upnp-org:service:wanipconnection:1 uuid:upnp-wanconnectiondevice-1_0-bcc81057a4fb::urn:schemas-upnp-org:service:wanipconnection:1'}",0.005002000800320128,0.5
87,"{'ROUTER', 'wireless g router wr340g upnp/1.0 urn:schemas-upnp-org:service:wanipconnection:1 uuid:upnp-wanconnectiondevice-192168015678900001::urn:schemas-upnp-org:service:wanipconnection:1'}",0.022609043617446978,0.5512195121951219
88,"{'RT-N12', 'wireless g router wr340g upnp/1.0 urn:schemas-upnp-org:service:wanipconnection:1 uuid:upnp-wanconnectiondevice-192168015678900001::urn:schemas-upnp-org:service:wanipconnection:1'}",0.004601840736294518,1.0
89,"{'wireless g router wr340g upnp/1.0 urn:schemas-upnp-org:service:wanipconnection:1 uuid:upnp-wanconnectiondevice-192168015678900001::urn:schemas-upnp-org:service:wanipconnection:1', 'SAGEMCOM'}",0.0022008803521408565,0.6470588235294118
90,"{'SERCOMM', 'wireless g router wr340g upnp/1.0 urn:schemas-upnp-org:service:wanipconnection:1 uuid:upnp-wanconnectiondevice-192168015678900001::urn:schemas-upnp-org:service:wanipconnection:1'}",0.0022008803521408565,1.0
91,"{'TL-MR3420', 'ipos/7.0 upnp/1.0 tl-wr841n/6..0 urn:schemas-wifialliance-org:service:wfawlanconfig:1 uuid:565aacc0e-aa8f-f349e6f59311::urn:schemas-wifialliance-org:service:wfawlanconfig:1'}",0.004401760704281713,0.88
92,"{'TL-WR740N', 'ipos/7.0 upnp/1.0 tl-wr740n/4.0 urn:schemas-wifialliance-org:service:wfawlanconfig:1 uuid:565aacc0e-aa8f-f349e6f59311::urn:schemas-wifialliance-org:service:wfawlanconfig:1'}",0.006602641056422569,1.0
93,"{'TL-WR841N', 'ipos/7.0 upnp/1.0 tl-wr841n/6..0 urn:schemas-wifialliance-org:service:wfawlanconfig:1 uuid:565aacc0e-aa8f-f349e6f59311::urn:schemas-wifialliance-org:service:wfawlanconfig:1'}",0.004401760704281713,1.0
94,"{'windows/10.0.17134 upnp/1.1 utorrent(client)(native)/355 ut:client:service:pairing uuid:104396ed4e-ecf772183068', 'TMC'}",0.0022008803521408565,0.5
95,"{'windows/10.0.17134 upnp/1.1 utorrent(client)(native)/355 ut:client:service:pairing uuid:c1f37afb-e811-b777-c4544484ff06', 'TMC'}",0.0022008803521408565,0.5
96,"{'V1.0', 'posix upnp/1.0 broadcom upnp ack/eimation 1.00 urn:schemas-wifialliance-org:service:wfawlanconfig:1 uuid:ad1e-d57f-b41330ec47e9::urn:schemas-wifialliance-org:service:wfawlanconfig:1'}",0.0022008803521408565,1.0
97,"{'WIA', 'windows/10.0.17134 upnp/1.1 utorrent(client)(native)/355 ut:client:service:pairing uuid:104396ed4e-ecf772183068'}",0.0022008803521408565,0.5
98,"{'WIA', 'windows/10.0.17134 upnp/1.1 utorrent(client)(native)/355 ut:client:service:pairing uuid:c1f37afb-e811-b777-c4544484ff06'}",0.0022008803521408565,0.5
99,"{'wireless g router wr340g upnp/1.0 urn:schemas-upnp-org:service:wanipconnection:1 uuid:upnp-wanconnectiondevice-192168015678900001::urn:schemas-upnp-org:service:wanipconnection:1', 'WNR1000'}",0.004601840736294518,1.0
100,"{'WPA2', 'wireless g router wr340g upnp/1.0 urn:schemas-upnp-org:service:wanipconnection:1 uuid:upnp-wanconnectiondevice-192168015678900001::urn:schemas-upnp-org:service:wanipconnection:1'}",0.005202080832332933,1.0
101,"{'wireless g router wr340g upnp/1.0 urn:schemas-upnp-org:service:wanipconnection:1 uuid:upnp-wanconnectiondevice-192168015678900001::urn:schemas-upnp-org:service:wanipconnection:1', 'WR340G'}",0.0028011204481792717,1.0
102,"{'WRT54G', 'tp-link/tp-link upnp/1.1 miniupnpd/1.8 uuid:e4c797ece-4f84-b56d-085d9d77c8cd'}",0.0022008803521408565,1.0
103,"{'WRT54GL', 'wireless g router wr340g upnp/1.0 urn:schemas-upnp-org:service:wanipconnection:1 uuid:upnp-wanconnectiondevice-192168015678900001::urn:schemas-upnp-org:service:wanipconnection:1'}",0.004401760704281713,0.6470588235294118
104,"{'X86', 'tp-link/tp-link upnp/1.1 miniupnpd/1.8 uuid:e4c797ece-4f84-b56d-085d9d77c8cd'}",0.0026010404161664665,1.0
105,"{'LINKSYS', 'AC6', 'wireless g router wr340g upnp/1.0 urn:schemas-upnp-org:service:wanipconnection:1 uuid:upnp-wanconnectiondevice-192168015678900001::urn:schemas-upnp-org:service:wanipconnection:1'}",0.0012004801920768306,1.0
106,"{'ROUTER', 'AC6', 'wireless g router wr340g upnp/1.0 urn:schemas-upnp-org:service:wanipconnection:1 uuid:upnp-wanconnectiondevice-192168015678900001::urn:schemas-upnp-org:service:wanipconnection:1'}",0.0028011204481792717,1.0
107,"{'ROUTER', 'AC6', 'wireless g router wr340g upnp/1.0 urn:schemas-upnp-org:service:wanipconnection:1 uuid:upnp-wanconnectiondevice-192168015678900001::urn:schemas-upnp-org:service:wanipconnection:1'}",0.0028011204481792717,0.6086956521739131
108,"{'SWITCH', 'AC6', 'wireless g router wr340g upnp/1.0 urn:schemas-upnp-org:service:wanipconnection:1 uuid:upnp-wanconnectiondevice-192168015678900001::urn:schemas-upnp-org:service:wanipconnection:1'}",0.0010004001600640256,1.0
109,"{'ROUTER', 'RAPID7', 'ADB'}",0.0010004001600640256,1.0
110,"{'ROUTER', 'ADSL2', 'AIRLY'}",0.0020008003201280513,1.0
111,"{'ARDUINO', 'SWITCH', 'ADSL2'}",0.001800720288115246,1.0
112,"{'ADSL2', 'GATEWAY', 'AVM'}",0.0020008003201280513,1.0
113,"{'NVR', 'ADSL2', 'BCM'}",0.001600640256102441,1.0
114,"{'NVR', 'ADSL2', 'BCM'}",0.001600640256102441,0.8
115,"{'CAM', 'BLACKBERRY', 'ADSL2'}",0.0020008003201280513,1.0
116,"{'BLESH', 'ROUTER', 'ADSL2'}",0.0020008003201280513,1.0
117,"{'CAM', 'ADSL2', 'HMICRO'}",0.0012004801920768306,1.0
118,"{'CAM', 'KEB', 'ADSL2'}",0.0024009603841536613,0.5
119,"{'CAM', 'MICROSOFT', 'ADSL2'}",0.0020008003201280513,1.0
120,"{'CAM', 'SONY', 'ADSL2'}",0.0020008003201280513,1.0
121,"{'KEB', 'ADSL2', 'CAMERA'}",0.0024009603841536613,0.5
122,"{'ADSL2', 'RECT', 'DVR'}",0.0020008003201280513,1.0
123,"{'TECHNICOLOR', 'ADSL2', 'GATEWAY'}",0.0020008003201280513,1.0
124,"{'HP', 'ADSL2', 'ROUTER'}",0.001600640256102441,0.5714285714285715
125,"{'ROUTER', 'ADSL2', 'INFOR'}",0.0020008003201280513,1.0
126,"{'IVEN', 'ROUTER', 'ADSL2'}",0.0020008003201280513,1.0
127,"{'LINKSYS', 'ADSL2', 'ROUTER'}",0.0024009603841536613,1.0
128,"{'ZYXEL', 'MODEM', 'ADSL2'}",0.0020008003201280513,0.5
129,"{'NEC', 'ADSL2', 'PRINTER'}",0.0020008003201280513,0.8333333333333334
130,"{'ROUTER', 'SAP', 'ADSL2'}",0.0024009603841536613,0.8571428571428571
131,"{'ROUTER', 'ADSL2', 'SECO'}",0.0024009603841536613,0.6666666666666666
132,"{'ROUTER', 'VAI', 'ADSL2'}",0.0024009603841536613,0.6666666666666666
133,"{'ROUTER', 'ADSL2', 'ZTE'}",0.001600640256102441,1.0
134,"{'ZYXEL', 'ROUTER', 'ADSL2'}",0.0020008003201280513,0.5
135,"{'ROUTER', 'PS3', 'AIRLY'}",0.0020008003201280513,1.0
136,"{'ROUTER', 'V3', 'AIRLY'}",0.0020008003201280513,1.0
137,"{'ROUTER', 'posix upnp/1.0 upnp ack/6.30.102.7 urn:schemas-wifialliance-org:service:wfawlanconfig:1 uuid:9edc1ac0c4-b3dc5::urn:schemas-wifialliance-org:service:wfawlanconfig:1', 'AIRLY'}",0.0010004001600640256,1.0
138,"{'AMD', 'posix upnp/1.0 broadcom upnp ack/eimation 1.00 urn:schemas-wifialliance-org:service:wfawlanconfig:1 uuid:ad1e-d57f-b41330ec47e9::urn:schemas-wifialliance-org:service:wfawlanconfig:1', 'MPEG2'}",0.0012004801920768306,1.0
139,"{'TG712', 'APPLE', 'GATEWAY'}",0.0010004001600640256,1.0
140,"{'ARDUINO', 'SWITCH', 'PS3'}",0.001800720288115246,1.0
141,"{'ARDUINO', 'SWITCH', 'V3'}",0.001800720288115246,1.0
142,"{'CAM', 'DSL-N55U', 'ASUS'}",0.0022008803521408565,1.0
143,"{'DSL-N55U', 'ASUS', 'MODEM'}",0.0022008803521408565,1.0
144,"{'DSL-N55U', 'ASUS', 'ROUTER'}",0.0022008803521408565,1.0
145,"{'V3', 'GATEWAY', 'AVM'}",0.0020008003201280513,1.0
146,"{'AVTECH', 'ROUTER', 'wireless g router wr340g upnp/1.0 urn:schemas-upnp-org:service:wanipconnection:1 uuid:upnp-wanconnectiondevice-192168015678900001::urn:schemas-upnp-org:service:wanipconnection:1'}",0.001600640256102441,1.0
147,"{'AVTECH', 'ROUTER', 'wireless g router wr340g upnp/1.0 urn:schemas-upnp-org:service:wanipconnection:1 uuid:upnp-wanconnectiondevice-192168015678900001::urn:schemas-upnp-org:service:wanipconnection:1'}",0.001600640256102441,0.7272727272727273
148,"{'V3', 'NVR', 'BCM'}",0.001600640256102441,1.0
149,"{'V3', 'NVR', 'BCM'}",0.001600640256102441,1.0
150,"{'ROUTER', 'RAPID7', 'BCM'}",0.0012004801920768306,1.0
151,"{'PS3', 'PRINTER', 'BERG'}",0.0020008003201280513,1.0
152,"{'V3', 'PRINTER', 'BERG'}",0.0020008003201280513,1.0
153,"{'CAM', 'BLACKBERRY', 'PS3'}",0.0020008003201280513,1.0
154,"{'CAM', 'V3', 'BLACKBERRY'}",0.0020008003201280513,1.0
155,"{'CAM', 'posix upnp/1.0 upnp ack/6.30.102.7 urn:schemas-wifialliance-org:service:wfawlanconfig:1 uuid:9edc1ac0c4-b3dc5::urn:schemas-wifialliance-org:service:wfawlanconfig:1', 'BLACKBERRY'}",0.0010004001600640256,1.0
156,"{'BLESH', 'ROUTER', 'PS3'}",0.0020008003201280513,1.0
157,"{'BLESH', 'ROUTER', 'V3'}",0.0020008003201280513,1.0
158,"{'BLESH', 'ROUTER', 'posix upnp/1.0 upnp ack/6.30.102.7 urn:schemas-wifialliance-org:service:wfawlanconfig:1 uuid:9edc1ac0c4-b3dc5::urn:schemas-wifialliance-org:service:wfawlanconfig:1'}",0.0010004001600640256,1.0
159,"{'ROUTER', 'wireless g router wr340g upnp/1.0 urn:schemas-upnp-org:service:wanipconnection:1 uuid:upnp-wanconnectiondevice-192168015678900001::urn:schemas-upnp-org:service:wanipconnection:1', 'BOCOM'}",0.001600640256102441,1.0
160,"{'SWITCH', 'wireless g router wr340g upnp/1.0 urn:schemas-upnp-org:service:wanipconnection:1 uuid:upnp-wanconnectiondevice-192168015678900001::urn:schemas-upnp-org:service:wanipconnection:1', 'BOCOM'}",0.0010004001600640256,1.0
161,"{'CAM', 'BROADCOM', 'posix upnp/1.0 broadcom upnp ack/eimation 1.00 urn:schemas-wifialliance-org:service:wfawlanconfig:1 uuid:ad1e-d57f-b41330ec47e9::urn:schemas-wifialliance-org:service:wfawlanconfig:1'}",0.0010004001600640256,1.0
162,"{'BROADCOM', 'MP3', 'posix upnp/1.0 broadcom upnp ack/eimation 1.00 urn:schemas-wifialliance-org:service:wfawlanconfig:1 uuid:ad1e-d57f-b41330ec47e9::urn:schemas-wifialliance-org:service:wfawlanconfig:1'}",0.0012004801920768306,1.0
163,"{'BROADCOM', 'ROUTER', 'RAPID7'}",0.0014005602240896359,0.5
164,"{'BROADCOM', 'posix upnp/1.0 broadcom upnp ack/eimation 1.00 urn:schemas-wifialliance-org:service:wfawlanconfig:1 uuid:ad1e-d57f-b41330ec47e9::urn:schemas-wifialliance-org:service:wfawlanconfig:1', 'RAPID7'}",0.001600640256102441,0.5714285714285715
165,"{'BROADCOM', 'posix upnp/1.0 broadcom upnp ack/eimation 1.00 urn:schemas-wifialliance-org:service:wfawlanconfig:1 uuid:ad1e-d57f-b41330ec47e9::urn:schemas-wifialliance-org:service:wfawlanconfig:1', 'RAPID7'}",0.001600640256102441,0.6153846153846154
166,"{'BROADCOM', 'ROUTER', 'wireless g router wr340g upnp/1.0 urn:schemas-upnp-org:service:wanipconnection:1 uuid:upnp-wanconnectiondevice-192168015678900001::urn:schemas-upnp-org:service:wanipconnection:1'}",0.001600640256102441,0.888888888888889
167,"{'ROUTER', 'wireless g router wr340g upnp/1.0 urn:schemas-upnp-org:service:wanipconnection:1 uuid:upnp-wanconnectiondevice-192168015678900001::urn:schemas-upnp-org:service:wanipconnection:1', 'BROTHER'}",0.001600640256102441,1.0
168,"{'CAM', 'posix upnp/1.0 upnp ack/6.30.102.7 urn:schemas-wifialliance-org:service:wfawlanconfig:1 uuid:9edc1ac0c4-b3dc5::urn:schemas-wifialliance-org:service:wfawlanconfig:1', 'C5'}",0.001600640256102441,1.0
169,"{'MODEM', 'posix upnp/1.0 upnp ack/6.30.102.7 urn:schemas-wifialliance-org:service:wfawlanconfig:1 uuid:9edc1ac0c4-b3dc5::urn:schemas-wifialliance-org:service:wfawlanconfig:1', 'C5'}",0.0010004001600640256,1.0
170,"{'ROUTER', 'posix upnp/1.0 upnp ack/6.30.102.7 urn:schemas-wifialliance-org:service:wfawlanconfig:1 uuid:9edc1ac0c4-b3dc5::urn:schemas-wifialliance-org:service:wfawlanconfig:1', 'C5'}",0.003401360544217687,1.0
171,"{'CAM', 'DIR-803', 'linux upnp/1.0 dir-803 ver 1.04 urn:schemas-upnp-org:service:wanipconnection:1 uuid:4a57763e-25fc14-ebcd643c6a937::urn:schemas-upnp-org:service:wanipconnection:1'}",0.001600640256102441,1.0
172,"{'CAM', 'DIR-803', 'linux upnp/1.0 dir-803 ver 1.04 urn:schemas-upnp-org:service:wanipconnection:1 uuid:4a57763e-25fc14-ebcd643c6a937::urn:schemas-upnp-org:service:wanipconnection:1'}",0.001600640256102441,0.5
173,"{'CAM', 'PS3', 'HMICRO'}",0.0012004801920768306,1.0
174,"{'CAM', 'V3', 'HMICRO'}",0.0012004801920768306,1.0
175,"{'CAM', 'posix upnp/1.0 upnp ack/6.30.102.7 urn:schemas-wifialliance-org:service:wfawlanconfig:1 uuid:9edc1ac0c4-b3dc5::urn:schemas-wifialliance-org:service:wfawlanconfig:1', 'HMICRO'}",0.0010004001600640256,1.0
176,"{'CAM', 'KEB', 'PS3'}",0.0024009603841536613,1.0
177,"{'CAM', 'V3', 'KEB'}",0.0024009603841536613,0.5
178,"{'CAM', 'posix upnp/1.0 upnp ack/6.30.102.7 urn:schemas-wifialliance-org:service:wfawlanconfig:1 uuid:9edc1ac0c4-b3dc5::urn:schemas-wifialliance-org:service:wfawlanconfig:1', 'KEB'}",0.0010004001600640256,0.625
179,"{'CAM', 'MICROSOFT', 'PS3'}",0.0020008003201280513,1.0
180,"{'CAM', 'V3', 'MICROSOFT'}",0.0020008003201280513,1.0
181,"{'CAM', 'posix upnp/1.0 upnp ack/6.30.102.7 urn:schemas-wifialliance-org:service:wfawlanconfig:1 uuid:9edc1ac0c4-b3dc5::urn:schemas-wifialliance-org:service:wfawlanconfig:1', 'MICROSOFT'}",0.0010004001600640256,1.0
182,"{'CAM', 'MP3', 'linux/2.6.34.10_sd5115v100_wr4.3 upnp/1.0 portable sdk for upnp devices/1.6.18 urn:schemas-upnp-org:service:wanipconnection:1 uuid:00e0fc-2502-f86eeebb5df4::urn:schemas-upnp-org:service:wanipconnection:1'}",0.0012004801920768306,0.5
183,"{'CAM', 'MP3', 'linux/2.6.34.10_sd5115v100_wr4.3 upnp/1.0 portable sdk for upnp devices/1.6.18 urn:schemas-upnp-org:service:wanipconnection:1 uuid:00e0fc-2502-f86eeebb5df4::urn:schemas-upnp-org:service:wanipconnection:1'}",0.0012004801920768306,0.7499999999999999
184,"{'CAM', 'posix upnp/1.0 broadcom upnp ack/eimation 1.00 urn:schemas-wifialliance-org:service:wfawlanconfig:1 uuid:ad1e-d57f-b41330ec47e9::urn:schemas-wifialliance-org:service:wfawlanconfig:1', 'MPEG2'}",0.0014005602240896359,1.0
185,"{'CAM', 'MPEG4', 'posix upnp/1.0 broadcom upnp ack/eimation 1.00 urn:schemas-wifialliance-org:service:wfawlanconfig:1 uuid:ad1e-d57f-b41330ec47e9::urn:schemas-wifialliance-org:service:wfawlanconfig:1'}",0.0014005602240896359,1.0
186,"{'CAM', 'MPEG4', 'posix upnp/1.0 broadcom upnp ack/eimation 1.00 urn:schemas-wifialliance-org:service:wfawlanconfig:1 uuid:ad1e-d57f-b41330ec47e9::urn:schemas-wifialliance-org:service:wfawlanconfig:1'}",0.0014005602240896359,1.0
187,"{'CAM', 'PS3', 'SONY'}",0.0020008003201280513,1.0
188,"{'CAM', 'V3', 'SONY'}",0.0020008003201280513,1.0
189,"{'CAM', 'posix upnp/1.0 upnp ack/6.30.102.7 urn:schemas-wifialliance-org:service:wfawlanconfig:1 uuid:9edc1ac0c4-b3dc5::urn:schemas-wifialliance-org:service:wfawlanconfig:1', 'SONY'}",0.0010004001600640256,1.0
190,"{'V3', 'KEB', 'CAMERA'}",0.0024009603841536613,0.5
191,"{'MP3', 'posix upnp/1.0 broadcom upnp ack/eimation 1.00 urn:schemas-wifialliance-org:service:wfawlanconfig:1 uuid:ad1e-d57f-b41330ec47e9::urn:schemas-wifialliance-org:service:wfawlanconfig:1', 'CAMERA'}",0.0010004001600640256,0.5
192,"{'posix upnp/1.0 broadcom upnp ack/eimation 1.00 urn:schemas-wifialliance-org:service:wfawlanconfig:1 uuid:ad1e-d57f-b41330ec47e9::urn:schemas-wifialliance-org:service:wfawlanconfig:1', 'MPEG2', 'CAMERA'}",0.0010004001600640256,1.0
193,"{'PS3', 'RECT', 'CAMERA'}",0.0020008003201280513,1.0
194,"{'ROUTER', 'wireless g router wr340g upnp/1.0 urn:schemas-upnp-org:service:wanipconnection:1 uuid:upnp-wanconnectiondevice-192168015678900001::urn:schemas-upnp-org:service:wanipconnection:1', 'CONEXANT'}",0.001600640256102441,1.0
195,"{'ROUTER', 'wireless g router wr340g upnp/1.0 urn:schemas-upnp-org:service:wanipconnection:1 uuid:upnp-wanconnectiondevice-192168015678900001::urn:schemas-upnp-org:service:wanipconnection:1', 'CONEXANT'}",0.001600640256102441,1.0
196,"{'ROUTER', 'DGT', 'wireless g router wr340g upnp/1.0 urn:schemas-upnp-org:service:wanipconnection:1 uuid:upnp-wanconnectiondevice-192168015678900001::urn:schemas-upnp-org:service:wanipconnection:1'}",0.001600640256102441,0.7272727272727273
197,"{'SWITCH', 'DGT', 'wireless g router wr340g upnp/1.0 urn:schemas-upnp-org:service:wanipconnection:1 uuid:upnp-wanconnectiondevice-192168015678900001::urn:schemas-upnp-org:service:wanipconnection:1'}",0.0010004001600640256,1.0
198,"{'ROUTER', 'DIGI', 'tp-link/tp-link upnp/1.1 miniupnpd/1.8 uuid:e4c797ece-4f84-b56d-085d9d77c8cd'}",0.0010004001600640256,0.7142857142857143
199,"{'DIR-803', 'ROUTER', 'linux upnp/1.0 dir-803 ver 1.04 urn:schemas-upnp-org:service:wanipconnection:1 uuid:4a57763e-25fc14-ebcd643c6a937::urn:schemas-upnp-org:service:wanipconnection:1'}",0.0012004801920768306,1.0
200,"{'DIR-803', 'ROUTER', 'linux upnp/1.0 dir-803 ver 1.04 urn:schemas-upnp-org:service:wanipconnection:1 uuid:4a57763e-25fc14-ebcd643c6a937::urn:schemas-upnp-org:service:wanipconnection:1'}",0.0012004801920768306,0.5
201,"{'LINKSYS', 'wireless g router wr340g upnp/1.0 urn:schemas-upnp-org:service:wanipconnection:1 uuid:upnp-wanconnectiondevice-192168015678900001::urn:schemas-upnp-org:service:wanipconnection:1', 'DVR'}",0.0012004801920768306,0.7499999999999999
202,"{'LINKSYS', 'wireless g router wr340g upnp/1.0 urn:schemas-upnp-org:service:wanipconnection:1 uuid:upnp-wanconnectiondevice-192168015678900001::urn:schemas-upnp-org:service:wanipconnection:1', 'DVR'}",0.0012004801920768306,0.8571428571428571
203,"{'PS3', 'RECT', 'DVR'}",0.0020008003201280513,1.0
204,"{'V3', 'RECT', 'DVR'}",0.0020008003201280513,1.0
205,"{'MP3', 'posix upnp/1.0 broadcom upnp ack/eimation 1.00 urn:schemas-wifialliance-org:service:wfawlanconfig:1 uuid:ad1e-d57f-b41330ec47e9::urn:schemas-wifialliance-org:service:wfawlanconfig:1', 'GATEWAY'}",0.0010004001600640256,1.0
206,"{'NEC', 'PS3', 'GATEWAY'}",0.0020008003201280513,0.5555555555555556
207,"{'TG712', 'STAR', 'GATEWAY'}",0.0010004001600640256,1.0
208,"{'TECHNICOLOR', 'V3', 'GATEWAY'}",0.0020008003201280513,1.0
209,"{'TG712', 'posix upnp/1.0 upnp ack/5.110.27.2007 urn:schemas-wifialliance-org:service:wfawlanconfig:1 uuid:978bcad4-dedb4ed7bc9aa::urn:schemas-wifialliance-org:service:wfawlanconfig:1', 'GATEWAY'}",0.0012004801920768306,1.0
210,"{'TG712', 'posix upnp/1.0 upnp ack/6.30.102.7 urn:schemas-wifialliance-org:service:wfawlanconfig:1 uuid:570ebedbfb07102bb70::urn:schemas-wifialliance-org:service:wfawlanconfig:1', 'GATEWAY'}",0.0014005602240896359,1.0
211,"{'TG712', 'posix upnp/1.0 upnp ack/6.30.102.7 urn:schemas-wifialliance-org:service:wfawlanconfig:1 uuid:86519e-eaa83eb08ab2::urn:schemas-wifialliance-org:service:wfawlanconfig:1', 'GATEWAY'}",0.0014005602240896359,1.0
212,"{'TG712', 'posix upnp/1.0 upnp ack/6.30.102.7 urn:schemas-wifialliance-org:service:wfawlanconfig:1 uuid:e-beca741386::urn:schemas-wifialliance-org:service:wfawlanconfig:1', 'GATEWAY'}",0.0014005602240896359,1.0
213,"{'V1.0', 'posix upnp/1.0 broadcom upnp ack/eimation 1.00 urn:schemas-wifialliance-org:service:wfawlanconfig:1 uuid:ad1e-d57f-b41330ec47e9::urn:schemas-wifialliance-org:service:wfawlanconfig:1', 'GATEWAY'}",0.0010004001600640256,1.0
214,"{'HP', 'PS3', 'ROUTER'}",0.001600640256102441,0.5714285714285715
215,"{'HP', 'ROUTER', 'V3'}",0.001600640256102441,0.5714285714285715
216,"{'ROUTER', 'PS3', 'INFOR'}",0.0020008003201280513,1.0
217,"{'ROUTER', 'INFOR', 'RAPID7'}",0.0012004801920768306,1.0
218,"{'ROUTER', 'INFOR', 'V3'}",0.0020008003201280513,1.0
219,"{'ROUTER', 'posix upnp/1.0 upnp ack/6.30.102.7 urn:schemas-wifialliance-org:service:wfawlanconfig:1 uuid:9edc1ac0c4-b3dc5::urn:schemas-wifialliance-org:service:wfawlanconfig:1', 'INFOR'}",0.0010004001600640256,1.0
220,"{'IVEN', 'ROUTER', 'PS3'}",0.0020008003201280513,1.0
221,"{'IVEN', 'ROUTER', 'V3'}",0.0020008003201280513,1.0
222,"{'IVEN', 'ROUTER', 'posix upnp/1.0 upnp ack/6.30.102.7 urn:schemas-wifialliance-org:service:wfawlanconfig:1 uuid:9edc1ac0c4-b3dc5::urn:schemas-wifialliance-org:service:wfawlanconfig:1'}",0.0010004001600640256,1.0
223,"{'LG', 'SWITCH', 'wireless g router wr340g upnp/1.0 urn:schemas-upnp-org:service:wanipconnection:1 uuid:upnp-wanconnectiondevice-192168015678900001::urn:schemas-upnp-org:service:wanipconnection:1'}",0.0010004001600640256,0.5
224,"{'LINKSYS', 'MODEM', 'wireless g router wr340g upnp/1.0 urn:schemas-upnp-org:service:wanipconnection:1 uuid:upnp-wanconnectiondevice-192168015678900001::urn:schemas-upnp-org:service:wanipconnection:1'}",0.0014005602240896359,0.6363636363636364
225,"{'LINKSYS', 'N450', 'wireless g router wr340g upnp/1.0 urn:schemas-upnp-org:service:wanipconnection:1 uuid:upnp-wanconnectiondevice-192168015678900001::urn:schemas-upnp-org:service:wanipconnection:1'}",0.0012004801920768306,1.0
226,"{'LINKSYS', 'PRINTER', 'wireless g router wr340g upnp/1.0 urn:schemas-upnp-org:service:wanipconnection:1 uuid:upnp-wanconnectiondevice-192168015678900001::urn:schemas-upnp-org:service:wanipconnection:1'}",0.0012004801920768306,0.5454545454545454
227,"{'LINKSYS', 'PRINTER', 'wireless g router wr340g upnp/1.0 urn:schemas-upnp-org:service:wanipconnection:1 uuid:upnp-wanconnectiondevice-192168015678900001::urn:schemas-upnp-org:service:wanipconnection:1'}",0.0012004801920768306,1.0
228,"{'LINKSYS', 'PS3', 'ROUTER'}",0.0024009603841536613,1.0
229,"{'LINKSYS', 'ROUTER', 'RAPID7'}",0.0014005602240896359,1.0
230,"{'LINKSYS', 'ROUTER', 'V3'}",0.0024009603841536613,1.0
231,"{'LINKSYS', 'ROUTER', 'WRT610N'}",0.0022008803521408565,1.0
232,"{'LINKSYS', 'ROUTER', 'WRT610N'}",0.0022008803521408565,1.0
233,"{'LINKSYS', 'posix upnp/1.0 upnp ack/1.11.0.0 urn:schemas-upnp-org:service:wanipconnection:1 uuid:cf6a40ad-721d-ce05-f12e-2c7ba88f722f::urn:schemas-upnp-org:service:wanipconnection:1', 'ROUTER'}",0.0010004001600640256,1.0
234,"{'LINKSYS', 'ROUTER', 'posix upnp/1.0 upnp ack/1.11.0.0 urn:schemas-upnp-org:service:wanipconnection:1 uuid:e9fbf3-bc0f-0925fda6d8e1::urn:schemas-upnp-org:service:wanipconnection:1'}",0.0010004001600640256,1.0
235,"{'LINKSYS', 'ROUTER', 'posix upnp/1.0 upnp ack/2013.2.3.0 urn:schemas-wifialliance-org:service:wfawlanconfig:1 uuid:10b8f1bcd-b463378d3c::urn:schemas-wifialliance-org:service:wfawlanconfig:1'}",0.0010004001600640256,1.0
236,"{'LINKSYS', 'posix upnp/1.0 upnp ack/5.110.27.2007 urn:schemas-wifialliance-org:service:wfawlanconfig:1 uuid:978bcad4-dedb4ed7bc9aa::urn:schemas-wifialliance-org:service:wfawlanconfig:1', 'ROUTER'}",0.0010004001600640256,1.0
237,"{'LINKSYS', 'posix upnp/1.0 upnp ack/6.30.102.7 urn:schemas-wifialliance-org:service:wfawlanconfig:1 uuid:1ebf584d-c2fd-e4bb-99c1febbaeb6::urn:schemas-wifialliance-org:service:wfawlanconfig:1', 'ROUTER'}",0.0010004001600640256,1.0
238,"{'posix upnp/1.0 upnp ack/6.30.102.7 urn:schemas-wifialliance-org:service:wfawlanconfig:1 uuid:570ebedbfb07102bb70::urn:schemas-wifialliance-org:service:wfawlanconfig:1', 'LINKSYS', 'ROUTER'}",0.0010004001600640256,1.0
239,"{'LINKSYS', 'ROUTER', 'posix upnp/1.0 upnp ack/6.30.102.7 urn:schemas-wifialliance-org:service:wfawlanconfig:1 uuid:5cfbc3be-7fd5-bcbdef8655f414::urn:schemas-wifialliance-org:service:wfawlanconfig:1'}",0.0010004001600640256,1.0
240,"{'posix upnp/1.0 upnp ack/6.30.102.7 urn:schemas-wifialliance-org:service:wfawlanconfig:1 uuid:86519e-eaa83eb08ab2::urn:schemas-wifialliance-org:service:wfawlanconfig:1', 'LINKSYS', 'ROUTER'}",0.0010004001600640256,1.0
241,"{'LINKSYS', 'posix upnp/1.0 upnp ack/6.30.102.7 urn:schemas-wifialliance-org:service:wfawlanconfig:1 uuid:9edc1ac0c4-b3dc5::urn:schemas-wifialliance-org:service:wfawlanconfig:1', 'ROUTER'}",0.0010004001600640256,1.0
242,"{'LINKSYS', 'posix upnp/1.0 upnp ack/6.30.102.7 urn:schemas-wifialliance-org:service:wfawlanconfig:1 uuid:a569f7fa-e0bfd53d3e0344::urn:schemas-wifialliance-org:service:wfawlanconfig:1', 'ROUTER'}",0.0010004001600640256,1.0
243,"{'LINKSYS', 'posix upnp/1.0 upnp ack/6.30.102.7 urn:schemas-wifialliance-org:service:wfawlanconfig:1 uuid:e-beca741386::urn:schemas-wifialliance-org:service:wfawlanconfig:1', 'ROUTER'}",0.0010004001600640256,1.0
244,"{'LINKSYS', 'posix upnp/1.0 upnp ack/6.30.102.7 urn:schemas-wifialliance-org:service:wfawlanconfig:1 uuid:e2c3936a-30d-113a-848ac72be064::urn:schemas-wifialliance-org:service:wfawlanconfig:1', 'ROUTER'}",0.0010004001600640256,1.0
245,"{'LINKSYS', 'RT-N12', 'wireless g router wr340g upnp/1.0 urn:schemas-upnp-org:service:wanipconnection:1 uuid:upnp-wanconnectiondevice-192168015678900001::urn:schemas-upnp-org:service:wanipconnection:1'}",0.0012004801920768306,1.0
246,"{'LINKSYS', 'wireless g router wr340g upnp/1.0 urn:schemas-upnp-org:service:wanipconnection:1 uuid:upnp-wanconnectiondevice-192168015678900001::urn:schemas-upnp-org:service:wanipconnection:1', 'SWITCH'}",0.0012004801920768306,0.5454545454545454
247,"{'LINKSYS', 'wireless g router wr340g upnp/1.0 urn:schemas-upnp-org:service:wanipconnection:1 uuid:upnp-wanconnectiondevice-192168015678900001::urn:schemas-upnp-org:service:wanipconnection:1', 'WNR1000'}",0.0012004801920768306,1.0
248,"{'WRT54GL', 'LINKSYS', 'wireless g router wr340g upnp/1.0 urn:schemas-upnp-org:service:wanipconnection:1 uuid:upnp-wanconnectiondevice-192168015678900001::urn:schemas-upnp-org:service:wanipconnection:1'}",0.0012004801920768306,1.0
249,"{'MIKROTIK', 'ROUTER', 'RAPID7'}",0.0012004801920768306,1.0
250,"{'ZYXEL', 'MODEM', 'PS3'}",0.0020008003201280513,0.5
251,"{'MODEM', 'TL-MR3420', 'ipos/7.0 upnp/1.0 tl-wr841n/6..0 urn:schemas-wifialliance-org:service:wfawlanconfig:1 uuid:565aacc0e-aa8f-f349e6f59311::urn:schemas-wifialliance-org:service:wfawlanconfig:1'}",0.0014005602240896359,0.875
252,"{'MODEM', 'TL-WR841N', 'ipos/7.0 upnp/1.0 tl-wr841n/6..0 urn:schemas-wifialliance-org:service:wfawlanconfig:1 uuid:565aacc0e-aa8f-f349e6f59311::urn:schemas-wifialliance-org:service:wfawlanconfig:1'}",0.0014005602240896359,1.0
253,"{'ZYXEL', 'MODEM', 'V3'}",0.0020008003201280513,0.5
254,"{'MODEM', 'WPA2', 'wireless g router wr340g upnp/1.0 urn:schemas-upnp-org:service:wanipconnection:1 uuid:upnp-wanconnectiondevice-192168015678900001::urn:schemas-upnp-org:service:wanipconnection:1'}",0.0020008003201280513,1.0
255,"{'ZYXEL', 'MODEM', 'posix upnp/1.0 upnp ack/6.30.102.7 urn:schemas-wifialliance-org:service:wfawlanconfig:1 uuid:9edc1ac0c4-b3dc5::urn:schemas-wifialliance-org:service:wfawlanconfig:1'}",0.0010004001600640256,0.5
256,"{'SAP', 'MP3', 'posix upnp/1.0 broadcom upnp ack/eimation 1.00 urn:schemas-wifialliance-org:service:wfawlanconfig:1 uuid:ad1e-d57f-b41330ec47e9::urn:schemas-wifialliance-org:service:wfawlanconfig:1'}",0.0012004801920768306,0.8571428571428571
257,"{'MP3', 'posix upnp/1.0 broadcom upnp ack/eimation 1.00 urn:schemas-wifialliance-org:service:wfawlanconfig:1 uuid:ad1e-d57f-b41330ec47e9::urn:schemas-wifialliance-org:service:wfawlanconfig:1', 'SECO'}",0.0020008003201280513,1.0
258,"{'SWITCH', 'MP3', 'posix upnp/1.0 broadcom upnp ack/eimation 1.00 urn:schemas-wifialliance-org:service:wfawlanconfig:1 uuid:ad1e-d57f-b41330ec47e9::urn:schemas-wifialliance-org:service:wfawlanconfig:1'}",0.0012004801920768306,0.8571428571428571
259,"{'VAI', 'MP3', 'posix upnp/1.0 broadcom upnp ack/eimation 1.00 urn:schemas-wifialliance-org:service:wfawlanconfig:1 uuid:ad1e-d57f-b41330ec47e9::urn:schemas-wifialliance-org:service:wfawlanconfig:1'}",0.001800720288115246,1.0
260,"{'posix upnp/1.0 broadcom upnp ack/eimation 1.00 urn:schemas-wifialliance-org:service:wfawlanconfig:1 uuid:ad1e-d57f-b41330ec47e9::urn:schemas-wifialliance-org:service:wfawlanconfig:1', 'PRINTER', 'MPEG2'}",0.0014005602240896359,1.0
261,"{'SAP', 'posix upnp/1.0 broadcom upnp ack/eimation 1.00 urn:schemas-wifialliance-org:service:wfawlanconfig:1 uuid:ad1e-d57f-b41330ec47e9::urn:schemas-wifialliance-org:service:wfawlanconfig:1', 'MPEG2'}",0.0012004801920768306,1.0
262,"{'posix upnp/1.0 broadcom upnp ack/eimation 1.00 urn:schemas-wifialliance-org:service:wfawlanconfig:1 uuid:ad1e-d57f-b41330ec47e9::urn:schemas-wifialliance-org:service:wfawlanconfig:1', 'MPEG2', 'SECO'}",0.0020008003201280513,1.0
263,"{'SWITCH', 'posix upnp/1.0 broadcom upnp ack/eimation 1.00 urn:schemas-wifialliance-org:service:wfawlanconfig:1 uuid:ad1e-d57f-b41330ec47e9::urn:schemas-wifialliance-org:service:wfawlanconfig:1', 'MPEG2'}",0.0012004801920768306,1.0
264,"{'VAI', 'posix upnp/1.0 broadcom upnp ack/eimation 1.00 urn:schemas-wifialliance-org:service:wfawlanconfig:1 uuid:ad1e-d57f-b41330ec47e9::urn:schemas-wifialliance-org:service:wfawlanconfig:1', 'MPEG2'}",0.001800720288115246,1.0
265,"{'N450', 'ROUTER', 'wireless g router wr340g upnp/1.0 urn:schemas-upnp-org:service:wanipconnection:1 uuid:upnp-wanconnectiondevice-192168015678900001::urn:schemas-upnp-org:service:wanipconnection:1'}",0.0028011204481792717,1.0
266,"{'N450', 'ROUTER', 'wireless g router wr340g upnp/1.0 urn:schemas-upnp-org:service:wanipconnection:1 uuid:upnp-wanconnectiondevice-192168015678900001::urn:schemas-upnp-org:service:wanipconnection:1'}",0.0028011204481792717,0.6086956521739131
267,"{'N450', 'wireless g router wr340g upnp/1.0 urn:schemas-upnp-org:service:wanipconnection:1 uuid:upnp-wanconnectiondevice-192168015678900001::urn:schemas-upnp-org:service:wanipconnection:1', 'SWITCH'}",0.0010004001600640256,1.0
268,"{'NEC', 'ROUTER', 'RAPID7'}",0.0010004001600640256,1.0
269,"{'ROUTER', 'PS3', 'SAP'}",0.0024009603841536613,0.8571428571428571
270,"{'ROUTER', 'PS3', 'SECO'}",0.0024009603841536613,0.7058823529411764
271,"{'VAI', 'ROUTER', 'PS3'}",0.0024009603841536613,0.6666666666666666
272,"{'ROUTER', 'PS3', 'VIA'}",0.0020008003201280513,0.9090909090909091
273,"{'ROUTER', 'PS3', 'ZTE'}",0.001600640256102441,1.0
274,"{'ZYXEL', 'ROUTER', 'PS3'}",0.0020008003201280513,0.5
275,"{'ROUTER', 'RAPID7', 'RECT'}",0.0012004801920768306,1.0
276,"{'ROUTER', 'RAPID7', 'SECO'}",0.0014005602240896359,1.0
277,"{'ROUTER', 'STAR', 'RAPID7'}",0.0012004801920768306,1.0
278,"{'TP-LINK', 'ROUTER', 'RAPID7'}",0.0012004801920768306,1.0
279,"{'ROUTER', 'VAI', 'RAPID7'}",0.0010004001600640256,1.0
280,"{'ROUTER', 'VERIZON', 'RAPID7'}",0.0012004801920768306,1.0
281,"{'ROUTER', 'VIA', 'RAPID7'}",0.0012004801920768306,1.0
282,"{'ROUTER', 'RAPID7', 'ZTE'}",0.0012004801920768306,1.0
283,"{'ZYXEL', 'ROUTER', 'RAPID7'}",0.0012004801920768306,1.0
284,"{'ROUTER', 'cuom/1.0 upnp/1.0 proc/ver urn:schemas-upnp-org:service:wanpppconnection:1 uuid:000ef4c0-bbaa-aabb-c0fe000ec0aa0003::urn:schemas-upnp-org:service:wanpppconnection:1', 'RAPID7'}",0.004401760704281713,0.9565217391304348
285,"{'ROUTER', 'cuom/1.0 upnp/1.0 proc/ver urn:schemas-upnp-org:service:wanpppconnection:1 uuid:000ef4c0-bbaa-aabb-c0fe000ec0aa0003::urn:schemas-upnp-org:service:wanpppconnection:1', 'RAPID7'}",0.004401760704281713,0.5
286,"{'ROUTER', 'RAPID7', 'cuom/1.0 upnp/1.0 proc/ver urn:schemas-upnp-org:service:wanpppconnection:1 uuid:000ef4d-6a29-d4fe000ed46a0003::urn:schemas-upnp-org:service:wanpppconnection:1'}",0.004001600640256103,1.0
287,"{'ROUTER', 'RAPID7', 'cuom/1.0 upnp/1.0 proc/ver urn:schemas-upnp-org:service:wanpppconnection:1 uuid:000ef4d-6a29-d4fe000ed46a0003::urn:schemas-upnp-org:service:wanpppconnection:1'}",0.004001600640256103,0.5
288,"{'ROUTER', 'cuom/1.0 upnp/1.0 proc/ver urn:schemas-upnp-org:service:wanpppconnection:1 uuid:543e64cb-61aa-aa61-cbe543ecbaa0002::urn:schemas-upnp-org:service:wanpppconnection:1', 'RAPID7'}",0.004401760704281713,0.88
289,"{'ROUTER', 'cuom/1.0 upnp/1.0 proc/ver urn:schemas-upnp-org:service:wanpppconnection:1 uuid:543e64cb-61aa-aa61-cbe543ecbaa0002::urn:schemas-upnp-org:service:wanpppconnection:1', 'RAPID7'}",0.004401760704281713,0.5
290,"{'ROUTER', 'cuom/1.0 upnp/1.0 proc/ver urn:schemas-upnp-org:service:wanpppconnection:1 uuid:681590ca-139d-9d13-caca9d0002::urn:schemas-upnp-org:service:wanpppconnection:1', 'RAPID7'}",0.005002000800320128,1.0
291,"{'ROUTER', 'cuom/1.0 upnp/1.0 proc/ver urn:schemas-upnp-org:service:wanpppconnection:1 uuid:681590ca-139d-9d13-caca9d0002::urn:schemas-upnp-org:service:wanpppconnection:1', 'RAPID7'}",0.005002000800320128,0.5
292,"{'ROUTER', 'RAPID7', 'cuom/1.0 upnp/1.0 proc/ver urn:schemas-upnp-org:service:wanpppconnection:1 uuid:70b921fe1e-1e1e-f821-b970b9f81e0002::urn:schemas-upnp-org:service:wanpppconnection:1'}",0.0038015206082432974,1.0
293,"{'ROUTER', 'RAPID7', 'cuom/1.0 upnp/1.0 proc/ver urn:schemas-upnp-org:service:wanpppconnection:1 uuid:70b921fe1e-1e1e-f821-b970b9f81e0002::urn:schemas-upnp-org:service:wanpppconnection:1'}",0.0038015206082432974,0.5
294,"{'cuom/1.0 upnp/1.0 proc/ver urn:schemas-upnp-org:service:wanpppconnection:1 uuid:c83a-c83a78580003::urn:schemas-upnp-org:service:wanpppconnection:1', 'ROUTER', 'RAPID7'}",0.004001600640256103,1.0
295,"{'cuom/1.0 upnp/1.0 proc/ver urn:schemas-upnp-org:service:wanpppconnection:1 uuid:c83a-c83a78580003::urn:schemas-upnp-org:service:wanpppconnection:1', 'ROUTER', 'RAPID7'}",0.004001600640256103,0.5
296,"{'ROUTER', 'RT-N12', 'wireless g router wr340g upnp/1.0 urn:schemas-upnp-org:service:wanipconnection:1 uuid:upnp-wanconnectiondevice-192168015678900001::urn:schemas-upnp-org:service:wanipconnection:1'}",0.0028011204481792717,1.0
297,"{'ROUTER', 'RT-N12', 'wireless g router wr340g upnp/1.0 urn:schemas-upnp-org:service:wanipconnection:1 uuid:upnp-wanconnectiondevice-192168015678900001::urn:schemas-upnp-org:service:wanipconnection:1'}",0.0028011204481792717,0.6086956521739131
298,"{'ROUTER', 'wireless g router wr340g upnp/1.0 urn:schemas-upnp-org:service:wanipconnection:1 uuid:upnp-wanconnectiondevice-192168015678900001::urn:schemas-upnp-org:service:wanipconnection:1', 'SAGEMCOM'}",0.001600640256102441,0.5714285714285715
299,"{'ROUTER', 'wireless g router wr340g upnp/1.0 urn:schemas-upnp-org:service:wanipconnection:1 uuid:upnp-wanconnectiondevice-192168015678900001::urn:schemas-upnp-org:service:wanipconnection:1', 'SAGEMCOM'}",0.001600640256102441,0.7272727272727273
300,"{'ROUTER', 'SAP', 'V3'}",0.0024009603841536613,0.8571428571428571
301,"{'ROUTER', 'SAP', 'posix upnp/1.0 upnp ack/6.30.102.7 urn:schemas-wifialliance-org:service:wfawlanconfig:1 uuid:9edc1ac0c4-b3dc5::urn:schemas-wifialliance-org:service:wfawlanconfig:1'}",0.0010004001600640256,1.0
302,"{'ROUTER', 'SAP', 'wireless g router wr340g upnp/1.0 urn:schemas-upnp-org:service:wanipconnection:1 uuid:upnp-wanconnectiondevice-192168015678900001::urn:schemas-upnp-org:service:wanipconnection:1'}",0.001600640256102441,0.7272727272727273
303,"{'ROUTER', 'V3', 'SECO'}",0.0024009603841536613,0.6
304,"{'ROUTER', 'posix upnp/1.0 upnp ack/6.30.102.7 urn:schemas-wifialliance-org:service:wfawlanconfig:1 uuid:9edc1ac0c4-b3dc5::urn:schemas-wifialliance-org:service:wfawlanconfig:1', 'SECO'}",0.0010004001600640256,1.0
305,"{'SERCOMM', 'ROUTER', 'wireless g router wr340g upnp/1.0 urn:schemas-upnp-org:service:wanipconnection:1 uuid:upnp-wanconnectiondevice-192168015678900001::urn:schemas-upnp-org:service:wanipconnection:1'}",0.001600640256102441,1.0
306,"{'SERCOMM', 'ROUTER', 'wireless g router wr340g upnp/1.0 urn:schemas-upnp-org:service:wanipconnection:1 uuid:upnp-wanconnectiondevice-192168015678900001::urn:schemas-upnp-org:service:wanipconnection:1'}",0.001600640256102441,0.7272727272727273
307,"{'ROUTER', 'TEGO', 'wireless g router wr340g upnp/1.0 urn:schemas-upnp-org:service:wanipconnection:1 uuid:upnp-wanconnectiondevice-192168015678900001::urn:schemas-upnp-org:service:wanipconnection:1'}",0.001600640256102441,1.0
308,"{'ROUTER', 'TL-MR3420', 'ipos/7.0 upnp/1.0 tl-wr841n/6..0 urn:schemas-wifialliance-org:service:wfawlanconfig:1 uuid:565aacc0e-aa8f-f349e6f59311::urn:schemas-wifialliance-org:service:wfawlanconfig:1'}",0.001600640256102441,0.888888888888889
309,"{'ROUTER', 'TL-WR740N', 'ipos/7.0 upnp/1.0 tl-wr740n/4.0 urn:schemas-wifialliance-org:service:wfawlanconfig:1 uuid:565aacc0e-aa8f-f349e6f59311::urn:schemas-wifialliance-org:service:wfawlanconfig:1'}",0.005002000800320128,1.0
310,"{'ROUTER', 'TL-WR740N', 'ipos/7.0 upnp/1.0 tl-wr740n/4.0 urn:schemas-wifialliance-org:service:wfawlanconfig:1 uuid:565aacc0e-aa8f-f349e6f59311::urn:schemas-wifialliance-org:service:wfawlanconfig:1'}",0.005002000800320128,0.7575757575757576
311,"{'ROUTER', 'TL-WR841N', 'ipos/7.0 upnp/1.0 tl-wr841n/6..0 urn:schemas-wifialliance-org:service:wfawlanconfig:1 uuid:565aacc0e-aa8f-f349e6f59311::urn:schemas-wifialliance-org:service:wfawlanconfig:1'}",0.001600640256102441,1.0
312,"{'ROUTER', 'posix upnp/1.0 broadcom upnp ack/eimation 1.00 urn:schemas-wifialliance-org:service:wfawlanconfig:1 uuid:ad1e-d57f-b41330ec47e9::urn:schemas-wifialliance-org:service:wfawlanconfig:1', 'V1.0'}",0.0012004801920768306,1.0
313,"{'ROUTER', 'posix upnp/1.0 broadcom upnp ack/eimation 1.00 urn:schemas-wifialliance-org:service:wfawlanconfig:1 uuid:ad1e-d57f-b41330ec47e9::urn:schemas-wifialliance-org:service:wfawlanconfig:1', 'V1.0'}",0.0012004801920768306,0.5454545454545454
314,"{'ROUTER', 'VAI', 'V3'}",0.0024009603841536613,0.5454545454545454
315,"{'ROUTER', 'V3', 'ZTE'}",0.001600640256102441,1.0
316,"{'ZYXEL', 'ROUTER', 'V3'}",0.0020008003201280513,0.5
317,"{'ROUTER', 'VAI', 'posix upnp/1.0 upnp ack/6.30.102.7 urn:schemas-wifialliance-org:service:wfawlanconfig:1 uuid:9edc1ac0c4-b3dc5::urn:schemas-wifialliance-org:service:wfawlanconfig:1'}",0.0010004001600640256,1.0
318,"{'ROUTER', 'VIA', 'posix upnp/1.0 upnp ack/6.30.102.7 urn:schemas-wifialliance-org:service:wfawlanconfig:1 uuid:9edc1ac0c4-b3dc5::urn:schemas-wifialliance-org:service:wfawlanconfig:1'}",0.0010004001600640256,0.625
319,"{'ROUTER', 'wireless g router wr340g upnp/1.0 urn:schemas-upnp-org:service:wanipconnection:1 uuid:upnp-wanconnectiondevice-192168015678900001::urn:schemas-upnp-org:service:wanipconnection:1', 'WNR1000'}",0.0028011204481792717,1.0
320,"{'ROUTER', 'wireless g router wr340g upnp/1.0 urn:schemas-upnp-org:service:wanipconnection:1 uuid:upnp-wanconnectiondevice-192168015678900001::urn:schemas-upnp-org:service:wanipconnection:1', 'WNR1000'}",0.0028011204481792717,0.6086956521739131
321,"{'ROUTER', 'WPA2', 'wireless g router wr340g upnp/1.0 urn:schemas-upnp-org:service:wanipconnection:1 uuid:upnp-wanconnectiondevice-192168015678900001::urn:schemas-upnp-org:service:wanipconnection:1'}",0.0028011204481792717,1.0
322,"{'ROUTER', 'WPA2', 'wireless g router wr340g upnp/1.0 urn:schemas-upnp-org:service:wanipconnection:1 uuid:upnp-wanconnectiondevice-192168015678900001::urn:schemas-upnp-org:service:wanipconnection:1'}",0.0028011204481792717,0.5384615384615384
323,"{'ROUTER', 'wireless g router wr340g upnp/1.0 urn:schemas-upnp-org:service:wanipconnection:1 uuid:upnp-wanconnectiondevice-192168015678900001::urn:schemas-upnp-org:service:wanipconnection:1', 'WR340G'}",0.0028011204481792717,1.0
324,"{'ROUTER', 'wireless g router wr340g upnp/1.0 urn:schemas-upnp-org:service:wanipconnection:1 uuid:upnp-wanconnectiondevice-192168015678900001::urn:schemas-upnp-org:service:wanipconnection:1', 'WR340G'}",0.0028011204481792717,1.0
325,"{'ROUTER', 'WRT54G', 'tp-link/tp-link upnp/1.1 miniupnpd/1.8 uuid:e4c797ece-4f84-b56d-085d9d77c8cd'}",0.0020008003201280513,1.0
326,"{'ROUTER', 'WRT54G', 'tp-link/tp-link upnp/1.1 miniupnpd/1.8 uuid:e4c797ece-4f84-b56d-085d9d77c8cd'}",0.0020008003201280513,0.9090909090909091
327,"{'WRT54GL', 'ROUTER', 'tp-link/tp-link upnp/1.1 miniupnpd/1.8 uuid:e4c797ece-4f84-b56d-085d9d77c8cd'}",0.0020008003201280513,0.8333333333333334
328,"{'WRT54GL', 'ROUTER', 'wireless g router wr340g upnp/1.0 urn:schemas-upnp-org:service:wanipconnection:1 uuid:upnp-wanconnectiondevice-192168015678900001::urn:schemas-upnp-org:service:wanipconnection:1'}",0.0028011204481792717,0.5833333333333334
329,"{'WRT54GL', 'ROUTER', 'wireless g router wr340g upnp/1.0 urn:schemas-upnp-org:service:wanipconnection:1 uuid:upnp-wanconnectiondevice-192168015678900001::urn:schemas-upnp-org:service:wanipconnection:1'}",0.0028011204481792717,0.6363636363636364
330,"{'ROUTER', 'X86', 'tp-link/tp-link upnp/1.1 miniupnpd/1.8 uuid:e4c797ece-4f84-b56d-085d9d77c8cd'}",0.0020008003201280513,1.0
331,"{'ROUTER', 'X86', 'tp-link/tp-link upnp/1.1 miniupnpd/1.8 uuid:e4c797ece-4f84-b56d-085d9d77c8cd'}",0.0020008003201280513,0.7692307692307693
332,"{'ROUTER', 'posix upnp/1.0 upnp ack/6.30.102.7 urn:schemas-wifialliance-org:service:wfawlanconfig:1 uuid:9edc1ac0c4-b3dc5::urn:schemas-wifialliance-org:service:wfawlanconfig:1', 'ZTE'}",0.0010004001600640256,1.0
333,"{'ZYXEL', 'ROUTER', 'posix upnp/1.0 upnp ack/6.30.102.7 urn:schemas-wifialliance-org:service:wfawlanconfig:1 uuid:9edc1ac0c4-b3dc5::urn:schemas-wifialliance-org:service:wfawlanconfig:1'}",0.0010004001600640256,0.5
334,"{'SWITCH', 'RT-N12', 'wireless g router wr340g upnp/1.0 urn:schemas-upnp-org:service:wanipconnection:1 uuid:upnp-wanconnectiondevice-192168015678900001::urn:schemas-upnp-org:service:wanipconnection:1'}",0.0010004001600640256,1.0
335,"{'SWITCH', 'posix upnp/1.0 upnp ack/6.30.102.7 urn:schemas-wifialliance-org:service:wfawlanconfig:1 uuid:9edc1ac0c4-b3dc5::urn:schemas-wifialliance-org:service:wfawlanconfig:1', 'SPRINT'}",0.0010004001600640256,1.0
336,"{'SWITCH', 'posix upnp/1.0 upnp ack/6.30.102.7 urn:schemas-wifialliance-org:service:wfawlanconfig:1 uuid:9edc1ac0c4-b3dc5::urn:schemas-wifialliance-org:service:wfawlanconfig:1', 'SPRINT'}",0.0010004001600640256,1.0
337,"{'V3', 'STAR', 'SWITCHES'}",0.001800720288115246,1.0
338,"{'STAR', 'TL-WR740N', 'ipos/7.0 upnp/1.0 tl-wr740n/4.0 urn:schemas-wifialliance-org:service:wfawlanconfig:1 uuid:565aacc0e-aa8f-f349e6f59311::urn:schemas-wifialliance-org:service:wfawlanconfig:1'}",0.0010004001600640256,1.0
339,"{'STAR', 'TL-WR740N', 'ipos/7.0 upnp/1.0 tl-wr740n/4.0 urn:schemas-wifialliance-org:service:wfawlanconfig:1 uuid:565aacc0e-aa8f-f349e6f59311::urn:schemas-wifialliance-org:service:wfawlanconfig:1'}",0.0010004001600640256,0.5
340,"{'SWITCH', 'TL-MR3420', 'ipos/7.0 upnp/1.0 tl-wr841n/6..0 urn:schemas-wifialliance-org:service:wfawlanconfig:1 uuid:565aacc0e-aa8f-f349e6f59311::urn:schemas-wifialliance-org:service:wfawlanconfig:1'}",0.0014005602240896359,0.875
341,"{'SWITCH', 'TL-WR841N', 'ipos/7.0 upnp/1.0 tl-wr841n/6..0 urn:schemas-wifialliance-org:service:wfawlanconfig:1 uuid:565aacc0e-aa8f-f349e6f59311::urn:schemas-wifialliance-org:service:wfawlanconfig:1'}",0.0014005602240896359,1.0
342,"{'SWITCH', 'wireless g router wr340g upnp/1.0 urn:schemas-upnp-org:service:wanipconnection:1 uuid:upnp-wanconnectiondevice-192168015678900001::urn:schemas-upnp-org:service:wanipconnection:1', 'WNR1000'}",0.0010004001600640256,1.0
