{
    "linux:linux_kernel,": 28,
    "linux:linux_kernel:2.4": 6,
    "mikrotik:routeros,": 75,
    "linux:linux_kernel": 160,
    "mikrotik:routeros": 46,
    "acme:micro_httpd": 9,
    "adtran:aos": 1,
    "microsoft:windows": 17,
    "redhat:enterprise_linux:7": 1,
    "microsoft:windows,": 4,
    "microsoft:windows_xp": 2,
    "apple:mac_os_x": 4,
    "freebsd:freebsd": 1,
    "juniper:junos": 2,
    "acme:micro_httpd,": 1,
    "windriver:vxworks": 2,
    "sun:sunos,": 1,
    "hp:comware:5.20": 1,
    "hp:comware": 2,
    "apc:aos": 6,
    "huawei:vrp,": 1,
    "redhat:enterprise_linux:5": 2,
    "sun:sunos": 1,
    "microsoft:windows_ce": 1,
    "cisco:ios": 1
}